Phi(Deg),Freq(GHz),RCS(dBm2),ARG(Deg.)
0.0000,9.0000,-18.0800,106.7391
0.0000,9.2000,-18.0311,65.6780
0.0000,9.4000,-17.6178,20.4319
0.0000,9.6000,-18.4764,-18.2845
0.0000,9.8000,-18.0137,-59.8039
0.0000,10.0000,-17.6600,-104.9932
1.0000,9.0000,-18.5592,103.7422
1.0000,9.2000,-18.3117,57.8741
1.0000,9.4000,-18.8706,18.0078
1.0000,9.6000,-17.9821,-24.0649
1.0000,9.8000,-17.8583,-69.8363
1.0000,10.0000,-18.1396,-113.1614
2.0000,9.0000,-18.5181,85.1092
2.0000,9.2000,-18.9340,42.9299
2.0000,9.4000,-17.7462,-1.2563
2.0000,9.6000,-17.8816,-48.5265
2.0000,9.8000,-18.4784,-89.3962
2.0000,10.0000,-17.7935,-129.1042
3.0000,9.0000,-18.5886,52.3167
3.0000,9.2000,-17.5831,12.6463
3.0000,9.4000,-18.1102,-34.4508
3.0000,9.6000,-18.5209,-78.1138
3.0000,9.8000,-17.5139,-120.5261
3.0000,10.0000,-17.6895,-169.4125
4.0000,9.0000,-17.6914,12.3930
4.0000,9.2000,-18.0155,-38.5431
4.0000,9.4000,-18.3031,-80.8893
4.0000,9.6000,-17.5922,-121.8959
4.0000,9.8000,-17.9905,-172.3557
4.0000,10.0000,-17.9277,147.7040
5.0000,9.0000,-17.9346,-48.0726
5.0000,9.2000,-17.6605,-91.7272
5.0000,9.4000,-17.4132,-136.9950
5.0000,9.6000,-18.0395,172.3887
5.0000,9.8000,-17.9635,132.9958
5.0000,10.0000,-17.5005,83.9085
6.0000,9.0000,-18.4269,-111.7497
6.0000,9.2000,-17.9843,-163.7001
6.0000,9.4000,-17.9338,148.5060
6.0000,9.6000,-17.5334,107.9105
6.0000,9.8000,-17.2913,54.5156
6.0000,10.0000,-17.5124,9.1369
7.0000,9.0000,-17.4301,164.8644
7.0000,9.2000,-18.3205,115.4115
7.0000,9.4000,-17.7637,71.1400
7.0000,9.6000,-17.3330,17.8079
7.0000,9.8000,-17.5325,-27.9082
7.0000,10.0000,-17.1715,-80.6348
8.0000,9.0000,-17.7698,75.3055
8.0000,9.2000,-17.6748,25.1827
8.0000,9.4000,-17.2135,-30.2028
8.0000,9.6000,-17.7098,-80.3275
8.0000,9.8000,-17.1665,-130.7170
8.0000,10.0000,-17.2175,179.8291
9.0000,9.0000,-16.8112,-28.8747
9.0000,9.2000,-17.3283,-83.7369
9.0000,9.4000,-17.4662,-137.4335
9.0000,9.6000,-16.8468,169.6141
9.0000,9.8000,-16.9116,116.1283
9.0000,10.0000,-16.7675,59.4542
10.0000,9.0000,-16.8097,-150.6221
10.0000,9.2000,-17.7720,159.2468
10.0000,9.4000,-17.0306,103.4287
10.0000,9.6000,-16.8776,44.2798
10.0000,9.8000,-16.4772,-10.8518
10.0000,10.0000,-16.7914,-67.2722
11.0000,9.0000,-16.8225,83.5806
11.0000,9.2000,-16.8681,27.9688
11.0000,9.4000,-16.8367,-33.5081
11.0000,9.6000,-16.7585,-92.9804
11.0000,9.8000,-16.7222,-149.8637
11.0000,10.0000,-16.1715,151.6525
12.0000,9.0000,-16.1548,-55.2988
12.0000,9.2000,-16.7105,-119.4141
12.0000,9.4000,-16.6987,-177.7155
12.0000,9.6000,-16.2656,117.2297
12.0000,9.8000,-16.1933,56.8714
12.0000,10.0000,-16.1625,-7.9725
13.0000,9.0000,-16.0864,149.7180
13.0000,9.2000,-16.3557,87.1014
13.0000,9.4000,-16.2422,22.7599
13.0000,9.6000,-15.7365,-45.9102
13.0000,9.8000,-15.7735,-110.2863
13.0000,10.0000,-16.0061,-174.5928
14.0000,9.0000,-16.1089,-10.6504
14.0000,9.2000,-15.6870,-82.1033
14.0000,9.4000,-16.0621,-151.4833
14.0000,9.6000,-15.7140,139.7519
14.0000,9.8000,-15.6011,71.7803
14.0000,10.0000,-15.4738,2.9635
15.0000,9.0000,-15.2595,173.0993
15.0000,9.2000,-15.1616,97.8368
15.0000,9.4000,-15.7594,24.0184
15.0000,9.6000,-15.3662,-47.1138
15.0000,9.8000,-15.2130,-118.4408
15.0000,10.0000,-15.1418,166.2687
16.0000,9.0000,-15.4684,-16.9784
16.0000,9.2000,-14.9100,-91.2641
16.0000,9.4000,-15.1478,-170.7417
16.0000,9.6000,-14.7520,112.9806
16.0000,9.8000,-15.0316,35.6548
16.0000,10.0000,-14.8267,-42.6096
17.0000,9.0000,-15.0044,145.4440
17.0000,9.2000,-14.7224,66.2605
17.0000,9.4000,-14.6520,-17.9361
17.0000,9.6000,-14.5085,-98.7673
17.0000,9.8000,-14.8416,177.9010
17.0000,10.0000,-14.4951,97.0547
18.0000,9.0000,-14.4377,-67.1054
18.0000,9.2000,-14.5625,-153.1068
18.0000,9.4000,-14.7274,121.4647
18.0000,9.6000,-14.5390,36.9103
18.0000,9.8000,-14.2620,-51.8360
18.0000,10.0000,-14.0545,-136.6699
19.0000,9.0000,-14.0479,71.7126
19.0000,9.2000,-14.2184,-21.3934
19.0000,9.4000,-14.3165,-112.9249
19.0000,9.6000,-14.1276,158.7757
19.0000,9.8000,-13.6682,65.9974
19.0000,10.0000,-13.6996,-24.6430
20.0000,9.0000,-13.9361,-161.8832
20.0000,9.2000,-13.5111,102.0432
20.0000,9.4000,-13.3615,2.6971
20.0000,9.6000,-13.4869,-92.4291
20.0000,9.8000,-13.1312,171.4437
20.0000,10.0000,-13.5866,75.2331
21.0000,9.0000,-13.3956,-47.4056
21.0000,9.2000,-13.3277,-148.4581
21.0000,9.4000,-12.9126,108.3300
21.0000,9.6000,-13.2355,6.9881
21.0000,9.8000,-12.9050,-94.1770
21.0000,10.0000,-12.9170,161.3843
22.0000,9.0000,-12.6737,56.4692
22.0000,9.2000,-12.8936,-51.8470
22.0000,9.4000,-12.9475,-160.3814
22.0000,9.6000,-12.9856,91.9807
22.0000,9.8000,-12.6237,-13.2623
22.0000,10.0000,-12.2867,-121.5502
23.0000,9.0000,-12.4450,149.4602
23.0000,9.2000,-12.5348,36.3975
23.0000,9.4000,-12.1388,-79.1551
23.0000,9.6000,-12.0529,166.5909
23.0000,9.8000,-12.0175,55.2636
23.0000,10.0000,-12.0246,-58.1060
24.0000,9.0000,-12.0918,-129.1058
24.0000,9.2000,-12.1718,109.9751
24.0000,9.4000,-11.7624,-8.5296
24.0000,9.6000,-11.6356,-128.3720
24.0000,9.8000,-11.8884,112.2100
24.0000,10.0000,-11.8158,-8.8343
25.0000,9.0000,-11.4659,-57.4662
25.0000,9.2000,-11.2740,174.3163
25.0000,9.4000,-11.3065,48.2892
25.0000,9.6000,-11.2748,-78.1375
25.0000,9.8000,-11.2688,156.5185
25.0000,10.0000,-11.0578,29.2954
26.0000,9.0000,-11.2425,2.8781
26.0000,9.2000,-11.0594,-131.1313
26.0000,9.4000,-10.9736,96.9925
26.0000,9.6000,-10.8055,-35.6868
26.0000,9.8000,-10.9731,-169.3591
26.0000,10.0000,-10.6196,57.1156
27.0000,9.0000,-10.8011,50.0966
27.0000,9.2000,-10.4589,-88.6194
27.0000,9.4000,-10.4343,132.2883
27.0000,9.6000,-10.3787,-8.9391
27.0000,9.8000,-10.1971,-149.8923
27.0000,10.0000,-10.0541,72.9437
28.0000,9.0000,-9.9350,90.5586
28.0000,9.2000,-10.1734,-54.6559
28.0000,9.4000,-10.1048,157.6071
28.0000,9.6000,-9.7820,11.1959
28.0000,9.8000,-9.6855,-135.9306
28.0000,10.0000,-9.9114,75.8861
29.0000,9.0000,-9.6019,120.3178
29.0000,9.2000,-9.7755,-35.1011
29.0000,9.4000,-9.2913,170.8554
29.0000,9.6000,-9.4608,17.9376
29.0000,9.8000,-9.1343,-136.6128
29.0000,10.0000,-8.9426,68.5338
30.0000,9.0000,-9.1642,138.6772
30.0000,9.2000,-9.0926,-23.3509
30.0000,9.4000,-9.1218,177.3035
30.0000,9.6000,-9.0187,13.6017
30.0000,9.8000,-8.8462,-147.3409
30.0000,10.0000,-8.7423,49.6012
31.0000,9.0000,-8.4966,148.2403
31.0000,9.2000,-8.5035,-21.6698
31.0000,9.4000,-8.5728,168.4321
31.0000,9.6000,-8.3034,0.4643
31.0000,9.8000,-8.2765,-170.4349
31.0000,10.0000,-8.2592,20.6480
32.0000,9.0000,-8.1700,148.8040
32.0000,9.2000,-8.0446,-29.4682
32.0000,9.4000,-7.9860,151.5278
32.0000,9.6000,-8.1180,-26.0290
32.0000,9.8000,-7.6545,157.5937
32.0000,10.0000,-7.6128,-20.7711
33.0000,9.0000,-7.7847,137.1902
33.0000,9.2000,-7.4887,-48.0365
33.0000,9.4000,-7.3979,125.9199
33.0000,9.6000,-7.4319,-58.8800
33.0000,9.8000,-7.3944,114.3833
33.0000,10.0000,-7.1913,-71.7008
34.0000,9.0000,-7.0324,117.8501
34.0000,9.2000,-7.0453,-75.3962
34.0000,9.4000,-6.9147,89.1071
34.0000,9.6000,-6.8013,-105.1418
34.0000,9.8000,-6.7215,61.5253
34.0000,10.0000,-6.7576,-133.8448
35.0000,9.0000,-6.6646,90.4038
35.0000,9.2000,-6.4342,-113.3958
35.0000,9.4000,-6.3048,43.4983
35.0000,9.6000,-6.3396,-159.5825
35.0000,9.8000,-6.1356,-2.8324
35.0000,10.0000,-6.0635,155.6659
36.0000,9.0000,-5.9985,51.9630
36.0000,9.2000,-5.9271,-159.7533
36.0000,9.4000,-5.8633,-11.2961
36.0000,9.6000,-5.7659,136.8424
36.0000,9.8000,-5.7477,-74.8390
36.0000,10.0000,-5.4429,72.7456
37.0000,9.0000,-5.5019,6.1468
37.0000,9.2000,-5.4052,144.9862
37.0000,9.4000,-5.2910,-75.7259
37.0000,9.6000,-5.1875,63.3734
37.0000,9.8000,-5.1325,-157.7948
37.0000,10.0000,-5.1648,-18.9302
38.0000,9.0000,-4.9710,-48.7054
38.0000,9.2000,-4.8638,81.1594
38.0000,9.4000,-4.7679,-149.0687
38.0000,9.6000,-4.6690,-19.2840
38.0000,9.8000,-4.6268,110.8602
38.0000,10.0000,-4.5705,-118.8075
39.0000,9.0000,-4.3875,-111.6266
39.0000,9.2000,-4.3185,8.2931
39.0000,9.4000,-4.2902,129.1322
39.0000,9.6000,-4.1579,-110.3240
39.0000,9.8000,-4.0213,10.4859
39.0000,10.0000,-3.9504,130.7360
40.0000,9.0000,-3.8054,176.3117
40.0000,9.2000,-3.8418,-72.1186
40.0000,9.4000,-3.6380,38.8537
40.0000,9.6000,-3.5805,149.7675
40.0000,9.8000,-3.4516,-99.7146
40.0000,10.0000,-3.4029,11.3331
41.0000,9.0000,-3.3234,97.4042
41.0000,9.2000,-3.1283,-161.0393
41.0000,9.4000,-3.0874,-60.1680
41.0000,9.6000,-3.0020,41.1746
41.0000,9.8000,-2.9492,142.3017
41.0000,10.0000,-2.8363,-116.4133
42.0000,9.0000,-2.7442,10.8897
42.0000,9.2000,-2.6033,101.6531
42.0000,9.4000,-2.5238,-166.5725
42.0000,9.6000,-2.4461,-75.2343
42.0000,9.8000,-2.3311,16.1422
42.0000,10.0000,-2.2522,107.0179
43.0000,9.0000,-2.1593,-83.2202
43.0000,9.2000,-2.0704,-1.7150
43.0000,9.4000,-1.9092,79.0477
43.0000,9.6000,-1.8491,160.5525
43.0000,9.8000,-1.7322,-118.4108
43.0000,10.0000,-1.6833,-37.3326
44.0000,9.0000,-1.6157,176.1179
44.0000,9.2000,-1.4072,-112.9989
44.0000,9.4000,-1.3446,-42.5416
44.0000,9.6000,-1.2630,28.8102
44.0000,9.8000,-1.1642,99.6749
44.0000,10.0000,-1.0962,170.5830
45.0000,9.0000,-0.8946,68.6324
45.0000,9.2000,-0.8330,128.5311
45.0000,9.4000,-0.7785,-170.9754
45.0000,9.6000,-0.6495,-110.0206
45.0000,9.8000,-0.5708,-49.6335
45.0000,10.0000,-0.4790,10.8558
46.0000,9.0000,-0.3291,-45.9696
46.0000,9.2000,-0.2429,4.1203
46.0000,9.4000,-0.1832,53.9942
46.0000,9.6000,-0.0197,103.9851
46.0000,9.8000,0.0210,153.9765
46.0000,10.0000,0.1078,-156.1237
47.0000,9.0000,0.2680,-166.2259
47.0000,9.2000,0.3928,-126.8077
47.0000,9.4000,0.4642,-87.7830
47.0000,9.6000,0.5482,-48.6283
47.0000,9.8000,0.6082,-8.8970
47.0000,10.0000,0.7200,30.2954
48.0000,9.0000,0.8553,67.4786
48.0000,9.2000,0.9949,96.0285
48.0000,9.4000,1.0361,124.3983
48.0000,9.6000,1.1285,152.9509
48.0000,9.8000,1.2317,-178.2239
48.0000,10.0000,1.3554,-149.9690
49.0000,9.0000,1.4293,-63.8213
49.0000,9.2000,1.5999,-46.4444
49.0000,9.4000,1.6747,-28.8927
49.0000,9.6000,1.7766,-11.3556
49.0000,9.8000,1.8584,6.2355
49.0000,10.0000,1.9548,23.7191
50.0000,9.0000,2.0875,159.5912
50.0000,9.2000,2.2214,165.5632
50.0000,9.4000,2.2900,172.1250
50.0000,9.6000,2.3970,178.6462
50.0000,9.8000,2.4665,-174.7980
50.0000,10.0000,2.5732,-168.2052
51.0000,9.0000,2.7221,17.7314
51.0000,9.2000,2.7904,12.7498
51.0000,9.4000,2.8869,8.4931
51.0000,9.6000,3.0313,3.7865
51.0000,9.8000,3.1013,-1.0020
51.0000,10.0000,3.1989,-5.6718
52.0000,9.0000,3.3246,-128.3799
52.0000,9.2000,3.3966,-144.4920
52.0000,9.4000,3.5323,-159.9582
52.0000,9.6000,3.6555,-176.0353
52.0000,9.8000,3.7238,168.0356
52.0000,10.0000,3.8099,152.2773
53.0000,9.0000,3.9817,81.5338
53.0000,9.2000,4.0391,53.9303
53.0000,9.4000,4.1758,27.2495
53.0000,9.6000,4.2699,-0.2004
53.0000,9.8000,4.3620,-27.3288
53.0000,10.0000,4.4405,-54.3904
54.0000,9.0000,4.6236,-72.4372
54.0000,9.2000,4.6906,-111.1132
54.0000,9.4000,4.8463,-149.2801
54.0000,9.6000,4.9343,171.8128
54.0000,9.8000,5.0127,133.2104
54.0000,10.0000,5.0629,94.7466
55.0000,9.0000,5.2912,130.7202
55.0000,9.2000,5.3844,80.6588
55.0000,9.4000,5.5108,30.8340
55.0000,9.6000,5.5792,-19.4484
55.0000,9.8000,5.6603,-69.4972
55.0000,10.0000,5.7157,-119.4344
56.0000,9.0000,5.9792,-28.9470
56.0000,9.2000,6.0533,-90.2961
56.0000,9.4000,6.1594,-151.7085
56.0000,9.6000,6.2423,146.4694
56.0000,9.8000,6.3327,84.7472
56.0000,10.0000,6.3838,23.0863
57.0000,9.0000,6.6540,169.3592
57.0000,9.2000,6.7264,96.4717
57.0000,9.4000,6.8157,23.1134
57.0000,9.6000,6.9002,-50.2696
57.0000,9.8000,6.9922,-123.5508
57.0000,10.0000,7.0474,163.2380
58.0000,9.0000,7.3415,5.7483
58.0000,9.2000,7.3720,-78.9088
58.0000,9.4000,7.4799,-164.0213
58.0000,9.6000,7.5779,111.2232
58.0000,9.8000,7.6884,26.3352
58.0000,10.0000,7.7458,-58.6963
59.0000,9.0000,7.9877,-159.1229
59.0000,9.2000,8.0376,104.3326
59.0000,9.4000,8.1914,7.6165
59.0000,9.6000,8.2516,-88.8022
59.0000,9.8000,8.3551,174.6670
59.0000,10.0000,8.4227,77.9705
60.0000,9.0000,8.6616,35.1486
60.0000,9.2000,8.7292,-73.2864
60.0000,9.4000,8.8636,178.6336
60.0000,9.6000,8.9093,70.3960
60.0000,9.8000,9.0339,-37.7243
60.0000,10.0000,9.1391,-146.1715
61.0000,9.0000,9.3246,-130.7917
61.0000,9.2000,9.4403,109.1904
61.0000,9.4000,9.5417,-10.5286
61.0000,9.6000,9.6186,-130.7719
61.0000,9.8000,9.7094,109.6221
61.0000,10.0000,9.8150,-10.3129
62.0000,9.0000,10.0290,63.5592
62.0000,9.2000,10.1497,-67.9450
62.0000,9.4000,10.2158,160.4563
62.0000,9.6000,10.3354,28.8342
62.0000,9.8000,10.3975,-102.6434
62.0000,10.0000,10.5124,125.7550
63.0000,9.0000,10.7371,-101.0662
63.0000,9.2000,10.8411,115.9671
63.0000,9.4000,10.9475,-27.4752
63.0000,9.6000,11.0254,-170.6275
63.0000,9.8000,11.0953,46.0327
63.0000,10.0000,11.1991,-97.0563
64.0000,9.0000,11.4562,95.9894
64.0000,9.2000,11.5309,-58.6791
64.0000,9.4000,11.6532,146.4422
64.0000,9.6000,11.7247,-8.4322
64.0000,9.8000,11.8186,-163.3119
64.0000,10.0000,11.8996,41.8579
65.0000,9.0000,12.1679,-64.5772
65.0000,9.2000,12.2395,129.1298
65.0000,9.4000,12.3651,-37.2285
65.0000,9.6000,12.4430,156.1419
65.0000,9.8000,12.5226,-10.1483
65.0000,10.0000,12.6112,-176.5493
66.0000,9.0000,12.8881,137.8292
66.0000,9.2000,12.9482,-40.0948
66.0000,9.4000,13.0545,142.2381
66.0000,9.6000,13.1799,-35.8771
66.0000,9.8000,13.2371,146.1301
66.0000,10.0000,13.3165,-31.6849
67.0000,9.0000,13.5995,-15.9662
67.0000,9.2000,13.6832,154.5645
67.0000,9.4000,13.7516,-34.6375
67.0000,9.6000,13.8800,136.1523
67.0000,9.8000,13.9744,-53.3868
67.0000,10.0000,14.0358,117.2509
68.0000,9.0000,14.3057,-165.3986
68.0000,9.2000,14.4038,-6.0650
68.0000,9.4000,14.4860,153.2245
68.0000,9.6000,14.5721,-47.2551
68.0000,9.8000,14.6881,112.0932
68.0000,10.0000,14.7739,-88.7015
69.0000,9.0000,15.0307,50.4589
69.0000,9.2000,15.1177,-161.3967
69.0000,9.4000,15.2172,-13.2529
69.0000,9.6000,15.2951,134.8879
69.0000,9.8000,15.3855,-76.8478
69.0000,10.0000,15.4870,71.3006
70.0000,9.0000,15.7560,-87.5108
70.0000,9.2000,15.8388,49.5172
70.0000,9.4000,15.9369,-173.3567
70.0000,9.6000,16.0290,-36.3264
70.0000,9.8000,16.1077,100.7711
70.0000,10.0000,16.1885,-122.0991
71.0000,9.0000,16.4675,141.4595
71.0000,9.2000,16.5659,-92.4144
71.0000,9.4000,16.6527,33.7609
71.0000,9.6000,16.7527,159.9423
71.0000,9.8000,16.8401,-73.9300
71.0000,10.0000,16.9167,52.1987
72.0000,9.0000,17.1823,18.3071
72.0000,9.2000,17.2837,133.7028
72.0000,9.4000,17.3761,-110.8993
72.0000,9.6000,17.4679,4.5540
72.0000,9.8000,17.5661,119.9910
72.0000,10.0000,17.6507,-124.6619
73.0000,9.0000,17.8973,-96.0770
73.0000,9.2000,17.9978,8.7746
73.0000,9.4000,18.0939,113.6064
73.0000,9.6000,18.1835,-141.4952
73.0000,9.8000,18.2763,-36.5715
73.0000,10.0000,18.3696,68.3120
74.0000,9.0000,18.6113,159.2486
74.0000,9.2000,18.7098,-106.2227
74.0000,9.4000,18.8087,-11.7394
74.0000,9.6000,18.8958,82.7884
74.0000,9.8000,18.9824,177.4152
74.0000,10.0000,19.0722,-87.9863
75.0000,9.0000,19.3171,65.2477
75.0000,9.2000,19.4172,149.6954
75.0000,9.4000,19.5134,-125.9058
75.0000,9.6000,19.6035,-41.4987
75.0000,9.8000,19.6882,43.0101
75.0000,10.0000,19.7714,127.5439
76.0000,9.0000,20.0176,-17.0846
76.0000,9.2000,20.1189,57.5194
76.0000,9.4000,20.2126,132.1058
76.0000,9.6000,20.3013,-153.3327
76.0000,9.8000,20.3874,-78.6747
76.0000,10.0000,20.4689,-3.9792
77.0000,9.0000,20.7109,-86.7265
77.0000,9.2000,20.8142,-21.7219
77.0000,9.4000,20.9037,43.3123
77.0000,9.6000,20.9878,108.3499
77.0000,9.8000,21.0746,173.4404
77.0000,10.0000,21.1603,-121.4019
78.0000,9.0000,21.4011,-142.7798
78.0000,9.2000,21.4897,-87.0503
78.0000,9.4000,21.5764,-31.2275
78.0000,9.6000,21.6591,24.6144
78.0000,9.8000,21.7459,80.4796
78.0000,10.0000,21.8405,136.3663
79.0000,9.0000,22.0513,175.7750
79.0000,9.2000,22.1329,-137.2879
79.0000,9.4000,22.2210,-90.3589
79.0000,9.6000,22.3114,-43.3976
79.0000,9.8000,22.4051,3.5635
79.0000,10.0000,22.5040,50.4735
80.0000,9.0000,22.6730,150.2702
80.0000,9.2000,22.7734,-171.3247
80.0000,9.4000,22.8701,-132.9319
80.0000,9.6000,22.9669,-94.5883
80.0000,9.8000,23.0690,-56.2708
80.0000,10.0000,23.1612,-18.0037
81.0000,9.0000,23.3389,141.5935
81.0000,9.2000,23.4413,171.6575
81.0000,9.4000,23.5393,-158.2633
81.0000,9.6000,23.6277,-128.1446
81.0000,9.8000,23.7109,-98.1003
81.0000,10.0000,23.7891,-68.0187
82.0000,9.0000,23.9640,149.6874
82.0000,9.2000,24.0503,172.0525
82.0000,9.4000,24.1317,-165.5931
82.0000,9.6000,24.2218,-143.1972
82.0000,9.8000,24.3009,-120.7498
82.0000,10.0000,24.3793,-98.3395
83.0000,9.0000,24.4912,177.3090
83.0000,9.2000,24.5988,-167.7855
83.0000,9.4000,24.7047,-152.8429
83.0000,9.6000,24.8083,-137.9800
83.0000,9.8000,24.9210,-123.1034
83.0000,10.0000,25.0254,-108.1455
84.0000,9.0000,25.1757,-136.7376
84.0000,9.2000,25.2511,-128.7325
84.0000,9.4000,25.3317,-120.7713
84.0000,9.6000,25.4029,-112.7459
84.0000,9.8000,25.4624,-104.7823
84.0000,10.0000,25.5378,-96.8926
85.0000,9.0000,25.6155,-69.0704
85.0000,9.2000,25.7312,-67.7143
85.0000,9.4000,25.8366,-66.3282
85.0000,9.6000,25.9479,-64.9909
85.0000,9.8000,26.0689,-63.5594
85.0000,10.0000,26.1667,-62.0603
86.0000,9.0000,26.0671,16.9122
86.0000,9.2000,26.1580,12.4311
86.0000,9.4000,26.2528,7.9195
86.0000,9.6000,26.3375,3.5129
86.0000,9.8000,26.3997,-0.9978
86.0000,10.0000,26.4785,-5.6006
87.0000,9.0000,26.8176,126.1718
87.0000,9.2000,26.8954,115.9164
87.0000,9.4000,26.9692,105.6815
87.0000,9.6000,27.0326,95.3066
87.0000,9.8000,27.1267,84.9313
87.0000,10.0000,27.2116,74.6736
88.0000,9.0000,27.1168,-100.1829
88.0000,9.2000,27.2141,-115.6061
88.0000,9.4000,27.3066,-131.0858
88.0000,9.6000,27.4281,-146.5690
88.0000,9.8000,27.5348,-161.8438
88.0000,10.0000,27.6346,-177.1992
89.0000,9.0000,26.7279,54.0423
89.0000,9.2000,26.8285,34.0550
89.0000,9.4000,26.9433,14.0157
89.0000,9.6000,27.0643,-5.8043
89.0000,9.8000,27.1611,-25.6889
89.0000,10.0000,27.2677,-45.4943
90.0000,9.0000,25.9144,-134.4052
90.0000,9.2000,26.0065,-158.4721
90.0000,9.4000,26.1107,177.5058
90.0000,9.6000,26.1936,153.5391
90.0000,9.8000,26.2914,129.4513
90.0000,10.0000,26.3775,105.5264
91.0000,9.0000,25.0240,51.9693
91.0000,9.2000,25.1186,24.1498
91.0000,9.4000,25.2037,-3.5925
91.0000,9.6000,25.2770,-31.4273
91.0000,9.8000,25.3697,-59.2003
91.0000,10.0000,25.4325,-86.9922
92.0000,9.0000,24.3895,-109.1841
92.0000,9.2000,24.4802,-140.4651
92.0000,9.4000,24.5543,-171.7818
92.0000,9.6000,24.6356,156.8220
92.0000,9.8000,24.7207,125.5627
92.0000,10.0000,24.7923,94.1561
93.0000,9.0000,24.1351,99.6421
93.0000,9.2000,24.2285,64.9727
93.0000,9.4000,24.3130,30.2268
93.0000,9.6000,24.4115,-4.4893
93.0000,9.8000,24.4953,-39.1148
93.0000,10.0000,24.5837,-73.8806
94.0000,9.0000,24.1878,-43.7651
94.0000,9.2000,24.2946,-81.6860
94.0000,9.4000,24.3930,-119.6730
94.0000,9.6000,24.4965,-157.5679
94.0000,9.8000,24.5819,164.4945
94.0000,10.0000,24.6827,126.4988
95.0000,9.0000,24.3519,179.6649
95.0000,9.2000,24.4606,138.6749
95.0000,9.4000,24.5585,97.5901
95.0000,9.6000,24.6572,56.5931
95.0000,9.8000,24.7483,15.4888
95.0000,10.0000,24.8499,-25.5509
96.0000,9.0000,24.4328,50.1834
96.0000,9.2000,24.5297,6.2941
96.0000,9.4000,24.6212,-37.7011
96.0000,9.6000,24.7121,-81.5863
96.0000,9.8000,24.8012,-125.5773
96.0000,10.0000,24.8872,-169.4632
97.0000,9.0000,24.3744,-71.3136
97.0000,9.2000,24.4662,-117.8710
97.0000,9.4000,24.5550,-164.5032
97.0000,9.6000,24.6390,148.9709
97.0000,9.8000,24.7245,102.3250
97.0000,10.0000,24.8026,55.7762
98.0000,9.0000,24.2909,175.6511
98.0000,9.2000,24.3904,126.6355
98.0000,9.4000,24.4818,77.5373
98.0000,9.6000,24.5698,28.5045
98.0000,9.8000,24.6646,-20.6472
98.0000,10.0000,24.7497,-69.6867
99.0000,9.0000,24.2727,70.4352
99.0000,9.2000,24.3766,19.0425
99.0000,9.4000,24.4680,-32.4485
99.0000,9.6000,24.5611,-83.8853
99.0000,9.8000,24.6588,-135.4055
99.0000,10.0000,24.7418,173.1826
100.0000,9.0000,24.2310,-27.5222
100.0000,9.2000,24.3286,-81.1297
100.0000,9.4000,24.4132,-134.7968
100.0000,9.6000,24.5038,171.6069
100.0000,9.8000,24.5925,117.9424
100.0000,10.0000,24.6689,64.3698
101.0000,9.0000,24.1383,-117.7973
101.0000,9.2000,24.2402,-173.3942
101.0000,9.4000,24.3281,131.0063
101.0000,9.6000,24.4242,75.4271
101.0000,9.8000,24.5142,19.7684
101.0000,10.0000,24.6003,-35.8093
102.0000,9.0000,24.0785,159.3632
102.0000,9.2000,24.1836,101.8900
102.0000,9.4000,24.2722,44.4372
102.0000,9.6000,24.3679,-13.0581
102.0000,9.8000,24.4539,-70.5847
102.0000,10.0000,24.5404,-128.0145
103.0000,9.0000,23.9957,83.5665
103.0000,9.2000,24.0943,24.4224
103.0000,9.4000,24.1815,-34.6853
103.0000,9.6000,24.2758,-93.8631
103.0000,9.8000,24.3615,-152.9989
103.0000,10.0000,24.4523,147.9118
104.0000,9.0000,23.9106,14.9812
104.0000,9.2000,24.0104,-45.7225
104.0000,9.4000,24.1069,-106.3778
104.0000,9.6000,24.2017,-167.1021
104.0000,9.8000,24.2885,132.2392
104.0000,10.0000,24.3793,71.5466
105.0000,9.0000,23.8280,-46.9293
105.0000,9.2000,23.9203,-109.0213
105.0000,9.4000,24.0186,-171.0349
105.0000,9.6000,24.1060,126.9032
105.0000,9.8000,24.1951,64.8828
105.0000,10.0000,24.2857,2.8057
106.0000,9.0000,23.7363,-102.1351
106.0000,9.2000,23.8309,-165.4169
106.0000,9.4000,23.9340,131.3078
106.0000,9.6000,24.0201,68.0034
106.0000,9.8000,24.1126,4.7113
106.0000,10.0000,24.1971,-58.5934
107.0000,9.0000,23.6448,-150.9973
107.0000,9.2000,23.7366,144.6806
107.0000,9.4000,23.8333,80.2907
107.0000,9.6000,23.9202,15.9412
107.0000,9.8000,24.0149,-48.4269
107.0000,10.0000,24.0992,-112.7717
108.0000,9.0000,23.5464,166.4379
108.0000,9.2000,23.6434,101.1644
108.0000,9.4000,23.7351,35.7966
108.0000,9.6000,23.8269,-29.5003
108.0000,9.8000,23.9154,-94.8290
108.0000,10.0000,23.9992,-160.0996
109.0000,9.0000,23.4391,129.8135
109.0000,9.2000,23.5365,63.7267
109.0000,9.4000,23.6290,-2.4020
109.0000,9.6000,23.7259,-68.5197
109.0000,9.8000,23.8109,-134.6569
109.0000,10.0000,23.9021,159.2349
110.0000,9.0000,23.3335,99.0110
110.0000,9.2000,23.4338,32.1916
110.0000,9.4000,23.5272,-34.6107
110.0000,9.6000,23.6160,-101.4312
110.0000,9.8000,23.7015,-168.2070
110.0000,10.0000,23.7980,124.9753
111.0000,9.0000,23.2273,73.7485
111.0000,9.2000,23.3258,6.3629
111.0000,9.4000,23.4213,-61.0094
111.0000,9.6000,23.5069,-128.3875
111.0000,9.8000,23.6003,164.2639
111.0000,10.0000,23.6881,96.8512
112.0000,9.0000,23.1212,53.7678
112.0000,9.2000,23.2138,-14.0138
112.0000,9.4000,23.3083,-81.8469
112.0000,9.6000,23.3998,-149.6423
112.0000,9.8000,23.4954,142.5215
112.0000,10.0000,23.5737,74.6929
113.0000,9.0000,23.0093,38.8948
113.0000,9.2000,23.1061,-29.2063
113.0000,9.4000,23.1945,-97.3851
113.0000,9.6000,23.2893,-165.4976
113.0000,9.8000,23.3785,126.3365
113.0000,10.0000,23.4627,58.2317
114.0000,9.0000,22.8898,28.9426
114.0000,9.2000,22.9939,-39.4335
114.0000,9.4000,23.0830,-107.8014
114.0000,9.6000,23.1780,-176.1627
114.0000,9.8000,23.2614,115.4620
114.0000,10.0000,23.3547,47.1263
115.0000,9.0000,22.7816,23.6244
115.0000,9.2000,22.8765,-44.9069
115.0000,9.4000,22.9711,-113.3626
115.0000,9.6000,23.0638,178.1349
115.0000,9.8000,23.1490,109.6616
115.0000,10.0000,23.2426,41.1655
116.0000,9.0000,22.6678,22.6437
116.0000,9.2000,22.7603,-45.8247
116.0000,9.4000,22.8558,-114.3224
116.0000,9.6000,22.9469,177.1544
116.0000,9.8000,23.0370,108.6587
116.0000,10.0000,23.1242,40.1352
117.0000,9.0000,22.5416,25.9447
117.0000,9.2000,22.6485,-42.4754
117.0000,9.4000,22.7347,-110.9046
117.0000,9.6000,22.8280,-179.3443
117.0000,9.8000,22.9190,112.2367
117.0000,10.0000,23.0052,43.7981
118.0000,9.0000,22.4316,33.2644
118.0000,9.2000,22.5263,-35.0875
118.0000,9.4000,22.6177,-103.2940
118.0000,9.6000,22.7098,-171.6022
118.0000,9.8000,22.8013,120.1494
118.0000,10.0000,22.8876,51.8611
119.0000,9.0000,22.3115,44.2167
119.0000,9.2000,22.4011,-23.7605
119.0000,9.4000,22.5040,-91.8034
119.0000,9.6000,22.5877,-159.8333
119.0000,9.8000,22.6814,132.1534
119.0000,10.0000,22.7668,64.1045
120.0000,9.0000,22.1804,58.8349
120.0000,9.2000,22.2904,-8.8867
120.0000,9.4000,22.3757,-76.5971
120.0000,9.6000,22.4671,-144.2684
120.0000,9.8000,22.5612,148.0145
120.0000,10.0000,22.6431,80.3155
121.0000,9.0000,22.0731,76.7558
121.0000,9.2000,22.1593,9.3826
121.0000,9.4000,22.2604,-57.8297
121.0000,9.6000,22.3484,-125.1815
121.0000,9.8000,22.4389,167.5076
121.0000,10.0000,22.5245,100.2371
122.0000,9.0000,21.9438,97.7429
122.0000,9.2000,22.0442,30.9927
122.0000,9.4000,22.1428,-35.9134
122.0000,9.6000,22.2241,-102.7112
122.0000,9.8000,22.3209,-169.5471
122.0000,10.0000,22.4056,123.6122
123.0000,9.0000,21.8269,121.8182
123.0000,9.2000,21.9287,55.4169
123.0000,9.4000,22.0133,-10.8116
123.0000,9.6000,22.1117,-77.1126
123.0000,9.8000,22.2017,-143.4623
123.0000,10.0000,22.2839,150.2717
124.0000,9.0000,21.7113,148.4495
124.0000,9.2000,21.7973,82.7896
124.0000,9.4000,21.9072,17.0886
124.0000,9.6000,21.9853,-48.6628
124.0000,9.8000,22.0776,-114.3352
124.0000,10.0000,22.1682,179.9700
125.0000,9.0000,21.5813,177.7607
125.0000,9.2000,21.6929,112.6737
125.0000,9.4000,21.7748,47.6065
125.0000,9.6000,21.8674,-17.3822
125.0000,9.8000,21.9652,-82.5059
125.0000,10.0000,22.0464,-147.5481
126.0000,9.0000,21.4803,-150.6619
126.0000,9.2000,21.5638,144.9650
126.0000,9.4000,21.6650,80.7089
126.0000,9.6000,21.7542,16.2502
126.0000,9.8000,21.8377,-48.0729
126.0000,10.0000,21.9297,-112.3819
127.0000,9.0000,21.3466,-116.8570
127.0000,9.2000,21.4588,179.5961
127.0000,9.4000,21.5463,115.9162
127.0000,9.6000,21.6297,52.3655
127.0000,9.8000,21.7338,-11.2558
127.0000,10.0000,21.8146,-74.8907
128.0000,9.0000,21.2539,-81.0591
128.0000,9.2000,21.3341,-143.9089
128.0000,9.4000,21.4233,153.3869
128.0000,9.6000,21.5268,90.5078
128.0000,9.8000,21.6068,27.6851
128.0000,10.0000,21.6949,-35.0598
129.0000,9.0000,21.1180,-43.4125
129.0000,9.2000,21.2255,-105.3159
129.0000,9.4000,21.3204,-167.4086
129.0000,9.6000,21.3985,130.6256
129.0000,9.8000,21.5003,68.7234
129.0000,10.0000,21.5857,6.6740
130.0000,9.0000,21.0230,-4.1379
130.0000,9.2000,21.1014,-65.2993
130.0000,9.4000,21.1892,-126.3013
130.0000,9.6000,21.3001,172.5822
130.0000,9.8000,21.3813,111.4296
130.0000,10.0000,21.4643,50.3827
131.0000,9.0000,20.8868,36.6954
131.0000,9.2000,20.9985,-23.4725
131.0000,9.4000,21.0962,-83.7835
131.0000,9.6000,21.1723,-143.9827
131.0000,9.8000,21.2650,155.9431
131.0000,10.0000,21.3600,95.6767
132.0000,9.0000,20.7929,78.7504
132.0000,9.2000,20.8736,19.4706
132.0000,9.4000,20.9673,-39.6706
132.0000,9.6000,21.0770,-98.9072
132.0000,9.8000,21.1615,-158.2798
132.0000,10.0000,21.2372,142.5080
133.0000,9.0000,20.6711,122.1820
133.0000,9.2000,20.7836,63.8777
133.0000,9.4000,20.8741,5.4927
133.0000,9.6000,20.9449,-52.7994
133.0000,9.8000,21.0405,-110.9634
133.0000,10.0000,21.1428,-169.3076
134.0000,9.0000,20.5719,166.4675
134.0000,9.2000,20.6538,109.2008
134.0000,9.4000,20.7533,51.9908
134.0000,9.6000,20.8594,-5.3640
134.0000,9.8000,20.9435,-62.7937
134.0000,10.0000,21.0140,-120.0549
135.0000,9.0000,20.4635,-148.1216
135.0000,9.2000,20.5674,155.5070
135.0000,9.4000,20.6488,99.1344
135.0000,9.6000,20.7286,42.8824
135.0000,9.8000,20.8279,-13.2948
135.0000,10.0000,20.9304,-69.6708
136.0000,9.0000,20.3458,-102.1583
136.0000,9.2000,20.4411,-157.3720
136.0000,9.4000,20.5500,147.3849
136.0000,9.6000,20.6473,92.0230
136.0000,9.8000,20.7256,36.6743
136.0000,10.0000,20.7984,-18.5101
137.0000,9.0000,20.2595,-55.4280
137.0000,9.2000,20.3494,-109.7187
137.0000,9.4000,20.4304,-163.9313
137.0000,9.6000,20.5221,141.9119
137.0000,9.8000,20.6248,87.7006
137.0000,10.0000,20.7233,33.3566
138.0000,9.0000,20.1421,-8.1472
138.0000,9.2000,20.2466,-61.3395
138.0000,9.4000,20.3473,-114.5715
138.0000,9.6000,20.4298,-167.8384
138.0000,9.8000,20.5086,138.9783
138.0000,10.0000,20.5918,85.9198
139.0000,9.0000,20.0468,39.3393
139.0000,9.2000,20.1368,-12.7638
139.0000,9.4000,20.2291,-64.8315
139.0000,9.6000,20.3321,-116.9259
139.0000,9.8000,20.4318,-169.1086
139.0000,10.0000,20.5161,138.6473
140.0000,9.0000,19.9574,87.2766
140.0000,9.2000,20.0558,36.1642
140.0000,9.4000,20.1450,-14.9334
140.0000,9.6000,20.2238,-66.0034
140.0000,9.8000,20.3092,-117.0049
140.0000,10.0000,20.4088,-168.0061
141.0000,9.0000,19.8520,135.2963
141.0000,9.2000,19.9502,85.3142
141.0000,9.4000,20.0501,35.3117
141.0000,9.6000,20.1450,-14.7155
141.0000,9.8000,20.2305,-64.7820
141.0000,10.0000,20.3103,-114.8139
142.0000,9.0000,19.7659,-176.6839
142.0000,9.2000,19.8582,134.3812
142.0000,9.4000,19.9472,85.5042
142.0000,9.6000,20.0424,36.6017
142.0000,9.8000,20.1360,-12.3122
142.0000,10.0000,20.2325,-61.2686
143.0000,9.0000,19.6771,-128.5925
143.0000,9.2000,19.7762,-176.4801
143.0000,9.4000,19.8699,135.6003
143.0000,9.6000,19.9557,87.7360
143.0000,9.8000,20.0382,39.8805
143.0000,10.0000,20.1245,-7.9460
144.0000,9.0000,19.5795,-80.8019
144.0000,9.2000,19.6790,-127.5665
144.0000,9.4000,19.7776,-174.3721
144.0000,9.6000,19.8736,138.8271
144.0000,9.8000,19.9653,91.9764
144.0000,10.0000,20.0416,45.1287
145.0000,9.0000,19.5081,-33.2030
145.0000,9.2000,19.5937,-78.9962
145.0000,9.4000,19.6840,-124.7145
145.0000,9.6000,19.7740,-170.4398
145.0000,9.8000,19.8649,143.8729
145.0000,10.0000,19.9609,98.1485
146.0000,9.0000,19.4067,14.0578
146.0000,9.2000,19.5099,-30.6522
146.0000,9.4000,19.6067,-75.3772
146.0000,9.6000,19.6943,-120.0901
146.0000,9.8000,19.7820,-164.7548
146.0000,10.0000,19.8642,150.5462
147.0000,9.0000,19.3294,60.7762
147.0000,9.2000,19.4189,17.1655
147.0000,9.4000,19.5138,-26.4670
147.0000,9.6000,19.6163,-70.1052
147.0000,9.8000,19.7094,-113.8222
147.0000,10.0000,19.7891,-157.4671
148.0000,9.0000,19.2475,107.1051
148.0000,9.2000,19.3501,64.4219
148.0000,9.4000,19.4368,21.7942
148.0000,9.6000,19.5271,-20.8479
148.0000,9.8000,19.6147,-63.4065
148.0000,10.0000,19.7143,-106.0159
149.0000,9.0000,19.1699,152.7080
149.0000,9.2000,19.2610,111.1368
149.0000,9.4000,19.3678,69.4789
149.0000,9.6000,19.4533,27.8249
149.0000,9.8000,19.5427,-13.7883
149.0000,10.0000,19.6310,-55.3769
150.0000,9.0000,19.0937,-162.3467
150.0000,9.2000,19.1900,157.0072
150.0000,9.4000,19.2743,116.3924
150.0000,9.6000,19.3742,75.8309
150.0000,9.8000,19.4730,35.1625
150.0000,10.0000,19.5597,-5.4633
151.0000,9.0000,19.0188,-118.2314
151.0000,9.2000,19.1171,-157.8426
151.0000,9.4000,19.2087,162.4918
151.0000,9.6000,19.2958,122.8650
151.0000,9.8000,19.3872,83.2183
151.0000,10.0000,19.4724,43.6822
152.0000,9.0000,18.9517,-74.8342
152.0000,9.2000,19.0434,-113.5979
152.0000,9.4000,19.1366,-152.1980
152.0000,9.6000,19.2331,169.0399
152.0000,9.8000,19.3181,130.3943
152.0000,10.0000,19.4025,91.7053
153.0000,9.0000,18.8721,-32.5108
153.0000,9.2000,18.9701,-70.1949
153.0000,9.4000,19.0677,-107.9529
153.0000,9.6000,19.1554,-145.7057
153.0000,9.8000,19.2530,176.6381
153.0000,10.0000,19.3439,138.8152
154.0000,9.0000,18.8265,8.8521
154.0000,9.2000,18.9053,-27.9239
154.0000,9.4000,18.9989,-64.7270
154.0000,9.6000,19.0940,-101.5153
154.0000,9.8000,19.1779,-138.3227
154.0000,10.0000,19.2715,-175.1409
155.0000,9.0000,18.7510,49.3341
155.0000,9.2000,18.8575,13.4012
155.0000,9.4000,18.9456,-22.6410
155.0000,9.6000,19.0316,-58.4351
155.0000,9.8000,19.1239,-94.4278
155.0000,10.0000,19.2067,-130.2986
156.0000,9.0000,18.6834,88.4847
156.0000,9.2000,18.7785,53.5124
156.0000,9.4000,18.8840,18.5108
156.0000,9.6000,18.9782,-16.5810
156.0000,9.8000,19.0619,-51.6721
156.0000,10.0000,19.1519,-86.6446
157.0000,9.0000,18.6379,126.5925
157.0000,9.2000,18.7347,92.3075
157.0000,9.4000,18.8088,58.2205
157.0000,9.6000,18.9089,24.0572
157.0000,9.8000,19.0072,-10.1064
157.0000,10.0000,19.0939,-44.3610
158.0000,9.0000,18.5742,163.4944
158.0000,9.2000,18.6839,130.1269
158.0000,9.4000,18.7727,96.6945
158.0000,9.6000,18.8578,63.2246
158.0000,9.8000,18.9334,29.9776
158.0000,10.0000,19.0421,-3.3503
159.0000,9.0000,18.5257,-161.0098
159.0000,9.2000,18.6099,166.4315
159.0000,9.4000,18.7102,133.9168
159.0000,9.6000,18.8144,101.3283
159.0000,9.8000,18.9062,68.6389
159.0000,10.0000,18.9798,36.0976
160.0000,9.0000,18.4837,-126.6907
160.0000,9.2000,18.5676,-158.6307
160.0000,9.4000,18.6616,169.5689
160.0000,9.6000,18.7346,137.7908
160.0000,9.8000,18.8482,106.0986
160.0000,10.0000,18.9415,74.2080
161.0000,9.0000,18.4211,-93.8135
161.0000,9.2000,18.5227,-124.9667
161.0000,9.4000,18.6204,-156.0463
161.0000,9.6000,18.7078,172.7860
161.0000,9.8000,18.7839,141.7430
161.0000,10.0000,18.8706,110.7129
162.0000,9.0000,18.3751,-62.4662
162.0000,9.2000,18.4629,-92.8025
162.0000,9.4000,18.5620,-123.2252
162.0000,9.6000,18.6578,-153.5230
162.0000,9.8000,18.7540,176.0069
162.0000,10.0000,18.8339,145.5511
163.0000,9.0000,18.3430,-32.4197
163.0000,9.2000,18.4229,-62.2330
163.0000,9.4000,18.5185,-91.9631
163.0000,9.6000,18.5925,-121.6118
163.0000,9.8000,18.6894,-151.2860
163.0000,10.0000,18.7887,179.0227
164.0000,9.0000,18.2782,-3.9261
164.0000,9.2000,18.3841,-33.0527
164.0000,9.4000,18.4798,-62.1859
164.0000,9.6000,18.5654,-91.3032
164.0000,9.8000,18.6495,-120.4029
164.0000,10.0000,18.7206,-149.4876
165.0000,9.0000,18.2509,22.9006
165.0000,9.2000,18.3359,-5.5370
165.0000,9.4000,18.4313,-34.0719
165.0000,9.6000,18.5242,-62.5367
165.0000,9.8000,18.6152,-91.0278
165.0000,10.0000,18.7122,-119.6386
166.0000,9.0000,18.2156,48.3439
166.0000,9.2000,18.3066,20.3213
166.0000,9.4000,18.4016,-7.6655
166.0000,9.6000,18.4845,-35.5239
166.0000,9.8000,18.5717,-63.4927
166.0000,10.0000,18.6691,-91.3317
167.0000,9.0000,18.1744,72.0293
167.0000,9.2000,18.2737,44.6568
167.0000,9.4000,18.3814,17.1937
167.0000,9.6000,18.4599,-10.2694
167.0000,9.8000,18.5574,-37.6484
167.0000,10.0000,18.6364,-65.0752
168.0000,9.0000,18.1552,94.1362
168.0000,9.2000,18.2452,67.1909
168.0000,9.4000,18.3403,40.3243
168.0000,9.6000,18.4439,13.3717
168.0000,9.8000,18.5261,-13.5521
168.0000,10.0000,18.6163,-40.4553
169.0000,9.0000,18.1210,114.5924
169.0000,9.2000,18.2168,88.1455
169.0000,9.4000,18.3209,61.5889
169.0000,9.6000,18.4010,35.2153
169.0000,9.8000,18.4952,8.7768
169.0000,10.0000,18.5851,-17.7022
170.0000,9.0000,18.0986,133.3154
170.0000,9.2000,18.1833,107.2155
170.0000,9.4000,18.2898,81.3457
170.0000,9.6000,18.3845,55.1836
170.0000,9.8000,18.4650,29.1087
170.0000,10.0000,18.5475,3.1120
171.0000,9.0000,18.0651,150.3767
171.0000,9.2000,18.1773,124.6797
171.0000,9.4000,18.2552,98.9807
171.0000,9.6000,18.3455,73.3909
171.0000,9.8000,18.4443,47.7270
171.0000,10.0000,18.5360,21.9998
172.0000,9.0000,18.0563,165.5829
172.0000,9.2000,18.1385,140.2780
172.0000,9.4000,18.2398,115.0156
172.0000,9.6000,18.3357,89.6203
172.0000,9.8000,18.4179,64.2974
172.0000,10.0000,18.5068,39.0165
173.0000,9.0000,18.0278,179.1896
173.0000,9.2000,18.1447,154.0982
173.0000,9.4000,18.2211,129.0506
173.0000,9.6000,18.3101,104.0906
173.0000,9.8000,18.4073,79.0432
173.0000,10.0000,18.4921,53.9974
174.0000,9.0000,18.0266,-169.1199
174.0000,9.2000,18.1161,166.2220
174.0000,9.4000,18.2124,141.3931
174.0000,9.6000,18.3005,116.5908
174.0000,9.8000,18.3835,91.8675
174.0000,10.0000,18.4754,67.1446
175.0000,9.0000,18.0019,-159.0546
175.0000,9.2000,18.0923,176.3954
175.0000,9.4000,18.1895,151.8522
175.0000,9.6000,18.2869,127.3059
175.0000,9.8000,18.3816,102.7111
175.0000,10.0000,18.4569,78.1068
176.0000,9.0000,17.9824,-150.9286
176.0000,9.2000,18.0763,-175.2861
176.0000,9.4000,18.1798,160.3456
176.0000,9.6000,18.2665,135.9813
176.0000,9.8000,18.3510,111.6460
176.0000,10.0000,18.4529,87.3022
177.0000,9.0000,17.9850,-144.5935
177.0000,9.2000,18.0737,-168.8640
177.0000,9.4000,18.1585,166.9832
177.0000,9.6000,18.2525,142.7862
177.0000,9.8000,18.3505,118.5610
177.0000,10.0000,18.4311,94.3314
178.0000,9.0000,17.9665,-139.9800
178.0000,9.2000,18.0735,-164.1286
178.0000,9.4000,18.1612,171.7247
178.0000,9.6000,18.2511,147.5997
178.0000,9.8000,18.3347,123.5129
178.0000,10.0000,18.4246,99.4241
179.0000,9.0000,17.9635,-137.3056
179.0000,9.2000,18.0584,-161.2688
179.0000,9.4000,18.1610,174.6155
179.0000,9.6000,18.2497,150.5613
179.0000,9.8000,18.3353,126.4719
179.0000,10.0000,18.4232,102.4159
180.0000,9.0000,17.9701,-136.3609
180.0000,9.2000,18.0603,-160.4401
180.0000,9.4000,18.1495,175.6003
180.0000,9.6000,18.2465,151.5433
180.0000,9.8000,18.3423,127.4820
180.0000,10.0000,18.4234,103.4252